{
    "cv_results": [
        {
            "model": "RF_1: max_depth=15, random_state=42",
            "hyperparameters": {
                "bootstrap": true,
                "ccp_alpha": 0.0,
                "criterion": "squared_error",
                "max_depth": 15,
                "max_features": 1.0,
                "max_leaf_nodes": null,
                "max_samples": null,
                "min_impurity_decrease": 0.0,
                "min_samples_leaf": 1,
                "min_samples_split": 2,
                "min_weight_fraction_leaf": 0.0,
                "monotonic_cst": null,
                "n_estimators": 100,
                "n_jobs": null,
                "oob_score": false,
                "random_state": 42,
                "verbose": 0,
                "warm_start": false
            },
            "features": [
                "area",
                "days_since_1st_trans",
                "floorRange",
                "typeOfSale",
                "typeOfArea",
                "district",
                "marketSegment",
                "age_bin",
                "tenure_bin"
            ],
            "metrics": {
                "RMSE": 748.4346784257608,
                "MAE": 195460.7287648428,
                "R2": 0.8793520927411491,
                "RMSE_std": 70.69179010834998,
                "MAE_std": 12838.739974660914,
                "R2_std": 0.053451665579578214
            },
            "feature_importance": {
                "num__area": 0.6746346812777327,
                "num__days_since_1st_trans": 0.023274961769390503,
                "cat__floorRange_Floor -": 0.0017438955978547916,
                "cat__floorRange_Floor 01-05": 0.008071430770370232,
                "cat__floorRange_Floor 06-10": 0.004223745123143933,
                "cat__floorRange_Floor 11-15": 0.002527461643578727,
                "cat__floorRange_Floor 16-20": 0.0055141960679701745,
                "cat__floorRange_Floor 21-25": 0.0018269905319614587,
                "cat__floorRange_Floor 26-30": 0.0019985653065925932,
                "cat__floorRange_Floor 31-35": 0.001529750200054383,
                "cat__floorRange_Floor 36-40": 0.00046567472739685153,
                "cat__floorRange_Floor 41-45": 0.0001260478509560787,
                "cat__floorRange_Floor B1-B5": 2.2510708458304106e-05,
                "cat__typeOfSale_1": 0.02074625145422432,
                "cat__typeOfSale_2": 3.92757721294372e-05,
                "cat__typeOfSale_3": 0.022969546172572384,
                "cat__typeOfArea_Strata": 0.0,
                "cat__district_1": 0.0009892942053917968,
                "cat__district_10": 0.007515431044876256,
                "cat__district_11": 0.004443532206579608,
                "cat__district_12": 0.00012788370942443767,
                "cat__district_13": 0.00016208433216526537,
                "cat__district_14": 0.0001382848322102094,
                "cat__district_15": 0.004031238996562677,
                "cat__district_16": 0.00044695167460131286,
                "cat__district_17": 0.0013283150972800179,
                "cat__district_18": 0.00046693993922883575,
                "cat__district_19": 0.0003997267609711725,
                "cat__district_2": 6.25827742303957e-05,
                "cat__district_20": 0.0006643935572717742,
                "cat__district_21": 0.0011204931571107703,
                "cat__district_22": 0.0002392243039335486,
                "cat__district_23": 0.0003867858521426525,
                "cat__district_25": 0.0002653582284493668,
                "cat__district_26": 2.2730202585852134e-05,
                "cat__district_27": 0.00043390697304012126,
                "cat__district_28": 5.796071698738649e-05,
                "cat__district_3": 0.0006805715833055811,
                "cat__district_4": 0.0016877029883584707,
                "cat__district_5": 0.0006753753853115414,
                "cat__district_8": 4.523528258042781e-05,
                "cat__district_9": 0.008983298965077569,
                "cat__marketSegment_CCR": 0.09048948730448249,
                "cat__marketSegment_OCR": 0.0528344321810417,
                "cat__marketSegment_RCR": 0.012954410624987192,
                "cat__age_bin_(0.803, 20.7]": 0.002404706447107297,
                "cat__age_bin_(138.9, 158.6]": 0.0001993534895399177,
                "cat__age_bin_(178.3, 198.0]": 0.000104023521853139,
                "cat__age_bin_(20.7, 40.4]": 0.004813470126906702,
                "cat__age_bin_(40.4, 60.1]": 0.0017811744258310002,
                "cat__age_bin_(79.8, 99.5]": 9.548283147106328e-06,
                "cat__age_bin_Freehold": 0.012721758012251524,
                "cat__tenure_bin_100 yrs": 8.464182226053277e-06,
                "cat__tenure_bin_103 yrs": 3.4165239006687735e-05,
                "cat__tenure_bin_946 yrs": 3.683941755409901e-06,
                "cat__tenure_bin_956 yrs": 1.171799188164003e-05,
                "cat__tenure_bin_99 yrs": 0.003304734199079946,
                "cat__tenure_bin_999 yrs": 0.0002876577637773902,
                "cat__tenure_bin_Freehold": 0.012343485005305884,
                "cat__floorRange_Floor 46-50": 1.8314929884670037e-07,
                "cat__floorRange_Floor 51-55": 0.0006030101956222934,
                "cat__floorRange_Floor 56-60": 2.461708337236571e-07
            }
        }
    ],
    "best_model": {
        "model": "RF_1: max_depth=15, random_state=42",
        "hyperparameters": {
            "bootstrap": true,
            "ccp_alpha": 0.0,
            "criterion": "squared_error",
            "max_depth": 15,
            "max_features": 1.0,
            "max_leaf_nodes": null,
            "max_samples": null,
            "min_impurity_decrease": 0.0,
            "min_samples_leaf": 1,
            "min_samples_split": 2,
            "min_weight_fraction_leaf": 0.0,
            "monotonic_cst": null,
            "n_estimators": 100,
            "n_jobs": null,
            "oob_score": false,
            "random_state": 42,
            "verbose": 0,
            "warm_start": false
        },
        "features": [
            "area",
            "days_since_1st_trans",
            "floorRange",
            "typeOfSale",
            "typeOfArea",
            "district",
            "marketSegment",
            "age_bin",
            "tenure_bin"
        ],
        "metrics": {
            "RMSE": 748.4346784257608,
            "MAE": 195460.7287648428,
            "R2": 0.8793520927411491,
            "RMSE_std": 70.69179010834998,
            "MAE_std": 12838.739974660914,
            "R2_std": 0.053451665579578214
        },
        "feature_importance": {
            "num__area": 0.6746346812777327,
            "num__days_since_1st_trans": 0.023274961769390503,
            "cat__floorRange_Floor -": 0.0017438955978547916,
            "cat__floorRange_Floor 01-05": 0.008071430770370232,
            "cat__floorRange_Floor 06-10": 0.004223745123143933,
            "cat__floorRange_Floor 11-15": 0.002527461643578727,
            "cat__floorRange_Floor 16-20": 0.0055141960679701745,
            "cat__floorRange_Floor 21-25": 0.0018269905319614587,
            "cat__floorRange_Floor 26-30": 0.0019985653065925932,
            "cat__floorRange_Floor 31-35": 0.001529750200054383,
            "cat__floorRange_Floor 36-40": 0.00046567472739685153,
            "cat__floorRange_Floor 41-45": 0.0001260478509560787,
            "cat__floorRange_Floor B1-B5": 2.2510708458304106e-05,
            "cat__typeOfSale_1": 0.02074625145422432,
            "cat__typeOfSale_2": 3.92757721294372e-05,
            "cat__typeOfSale_3": 0.022969546172572384,
            "cat__typeOfArea_Strata": 0.0,
            "cat__district_1": 0.0009892942053917968,
            "cat__district_10": 0.007515431044876256,
            "cat__district_11": 0.004443532206579608,
            "cat__district_12": 0.00012788370942443767,