{
    "cv_results": [
        {
            "model": "RF_1: max_depth=15, random_state=42",
            "hyperparameters": {
                "bootstrap": true,
                "ccp_alpha": 0.0,
                "criterion": "squared_error",
                "max_depth": 15,
                "max_features": 1.0,
                "max_leaf_nodes": null,
                "max_samples": null,
                "min_impurity_decrease": 0.0,
                "min_samples_leaf": 1,
                "min_samples_split": 2,
                "min_weight_fraction_leaf": 0.0,
                "monotonic_cst": null,
                "n_estimators": 100,
                "n_jobs": null,
                "oob_score": false,
                "random_state": 42,
                "verbose": 0,
                "warm_start": false
            },
            "features": [
                "area",
                "days_since_1st_trans",
                "st_lag_mean_30d_400m",
                "st_lag_mean_90d_400m",
                "st_lag_mean_180d_400m",
                "st_lag_mean_360d_400m",
                "st_lag_std_30d_400m",
                "st_lag_std_90d_400m",
                "st_lag_std_180d_400m",
                "st_lag_std_360d_400m",
                "st_neighbor_count_30d_400m",
                "st_neighbor_count_90d_400m",
                "st_neighbor_count_180d_400m",
                "st_neighbor_count_360d_400m",
                "floorRange",
                "typeOfSale",
                "typeOfArea",
                "district",
                "marketSegment",
                "age_bin",
                "tenure_bin"
            ],
            "metrics": {
                "RMSE": 726.253791622236,
                "MAE": 156497.44000320538,
                "R2": 0.8960249464899703,
                "RMSE_std": 51.36950350643787,
                "MAE_std": 12905.287312542398,
                "R2_std": 0.033851496982367064
            },
            "feature_importance": {
                "num__area": 0.6043407542473221,
                "num__days_since_1st_trans": 0.0043694511535344585,
                "num__st_lag_mean_30d_400m": 0.0018670049120469057,
                "num__st_lag_mean_90d_400m": 0.019505283449815072,
                "num__st_lag_mean_180d_400m": 0.029160446975705002,
                "num__st_lag_mean_360d_400m": 0.2435634892700172,
                "num__st_lag_std_30d_400m": 0.0065198352287673175,
                "num__st_lag_std_90d_400m": 0.0037082914114302,
                "num__st_lag_std_180d_400m": 0.007816046909395857,
                "num__st_lag_std_360d_400m": 0.0187250079424055,
                "num__st_neighbor_count_30d_400m": 0.001005022552052672,
                "num__st_neighbor_count_90d_400m": 0.0037421197148669533,
                "num__st_neighbor_count_180d_400m": 0.003929486451561555,
                "num__st_neighbor_count_360d_400m": 0.003695014256953435,
                "cat__floorRange_Floor -": 0.00048354651112380393,
                "cat__floorRange_Floor 01-05": 0.0019594974054659682,
                "cat__floorRange_Floor 06-10": 0.0004577283096412614,
                "cat__floorRange_Floor 11-15": 0.00036978614066326206,
                "cat__floorRange_Floor 16-20": 0.001179253928937089,
                "cat__floorRange_Floor 21-25": 0.0003145330262891451,
                "cat__floorRange_Floor 26-30": 0.0004964115236336302,
                "cat__floorRange_Floor 31-35": 0.0006702907843768609,
                "cat__floorRange_Floor 36-40": 7.103997497135256e-05,
                "cat__floorRange_Floor 41-45": 3.455533756169251e-05,
                "cat__floorRange_Floor B1-B5": 4.417119901894515e-06,
                "cat__typeOfSale_1": 0.004393610399071429,
                "cat__typeOfSale_2": 1.0106582548851026e-05,
                "cat__typeOfSale_3": 0.004365800113120972,
                "cat__typeOfArea_Strata": 0.0,
                "cat__district_1": 0.0001933462165111224,
                "cat__district_10": 0.002159396463923776,
                "cat__district_11": 0.00015154469843819358,
                "cat__district_12": 3.740651462143731e-05,
                "cat__district_13": 4.6126852711208255e-05,
                "cat__district_14": 5.9033490896386354e-05,
                "cat__district_15": 0.0004338730619139365,
                "cat__district_16": 5.163617929615026e-05,
                "cat__district_17": 0.00011460521861789805,
                "cat__district_18": 4.6642970728004264e-05,
                "cat__district_19": 0.00010181254298597952,
                "cat__district_2": 9.050919815989492e-06,
                "cat__district_20": 4.640048906687983e-05,
                "cat__district_21": 0.0002996101171593942,
                "cat__district_22": 3.574429058321631e-05,
                "cat__district_23": 4.261601646273433e-05,
                "cat__district_25": 9.527372324651386e-05,
                "cat__district_26": 1.1635892302817134e-05,
                "cat__district_27": 7.233479204774563e-05,
                "cat__district_28": 6.889406772254469e-05,
                "cat__district_3": 0.00020391844337096137,
                "cat__district_4": 0.00032710251132532357,
                "cat__district_5": 0.0002143511938764939,
                "cat__district_8": 3.577114922606049e-05,
                "cat__district_9": 0.0015545056988054606,
                "cat__marketSegment_CCR": 0.00991933635145005,
                "cat__marketSegment_OCR": 0.011691158854513802,
                "cat__marketSegment_RCR": 0.0005099102622251304,
                "cat__age_bin_(0.803, 20.7]": 0.00045728115696897637,
                "cat__age_bin_(138.9, 158.6]": 0.00010590844027705134,
                "cat__age_bin_(178.3, 198.0]": 2.2394232551850758e-05,
                "cat__age_bin_(20.7, 40.4]": 0.0007634789107899484,
                "cat__age_bin_(40.4, 60.1]": 0.0003006844419967842,
                "cat__age_bin_(79.8, 99.5]": 4.8319814910460425e-06,
                "cat__age_bin_Freehold": 0.0009929606801271325,
                "cat__tenure_bin_100 yrs": 1.5618300854431884e-06,
                "cat__tenure_bin_103 yrs": 1.6026942802967233e-05,
                "cat__tenure_bin_946 yrs": 1.8046087709644496e-05,
                "cat__tenure_bin_956 yrs": 2.6543588073956335e-06,
                "cat__tenure_bin_99 yrs": 0.0006879654771713621,
                "cat__tenure_bin_999 yrs": 0.00014167851658932121,
                "cat__tenure_bin_Freehold": 0.0010623629337698267,
                "cat__floorRange_Floor 46-50": 7.411181125834644e-08,
                "cat__floorRange_Floor 51-55": 0.00013109801339859746,
                "cat__floorRange_Floor 56-60": 1.212666247396386e-07
            }
        }
    ],
    "best_model": {
        "model": "RF_1: max_depth=15, random_state=42",
        "hyperparameters": {
            "bootstrap": true,
            "ccp_alpha": 0.0,
            "criterion": "squared_error",
            "max_depth": 15,
            "max_features": 1.0,
            "max_leaf_nodes": null,
            "max_samples": null,
            "min_impurity_decrease": 0.0,
            "min_samples_leaf": 1,
            "min_samples_split": 2,
            "min_weight_fraction_leaf": 0.0,
            "monotonic_cst": null,
            "n_estimators": 100,
            "n_jobs": null,
            "oob_score": false,
            "random_state": 42,
            "verbose": 0,
            "warm_start": false
        },